Workbook

Sheet Inputs
A1: Prisma Cloud cACV Comp Model — Inputs
A3: DEAL PARAMETERS
A4: Parameter | B4: Value | C4: Notes
A5: ACV ($/yr) | B5: 300000 | C5: Annual Contract Value
A6: Contract term (years) | B6: 3 | C6: Valid values: 1, 2, 3, 5
A7: Year 1 consumption rate | B7: 0.8 | C7: % of ACV consumed in Year 1
A8: Year 2 consumption rate | B8: 0.85 | C8: % of ACV consumed in Year 2
A9: Year 3 consumption rate | B9: 0.9 | C9: % of ACV consumed in Year 3
A10: Year 4 consumption rate | B10: 0.9 | C10: Only relevant for 5-yr deals
A11: Year 5 consumption rate | B11: 0.9 | C11: Only relevant for 5-yr deals
A13: QUOTA STRUCTURE
A14: Parameter | B14: Value
A15: AE total quota ($) | B15: 1000000
A16: AE bookings weight | B16: 0.7
A17: AE cACV weight | B17: 0.3
A18: AM total quota ($) | B18: 800000
A19: AM bookings weight | B19: 0.3
A20: AM cACV weight | B20: 0.7
A22: TERM MULTIPLIERS
A23: Term | B23: Multiplier
A24: 1-year multiplier | B24: 1
A25: 2-year multiplier | B25: 1.2
A26: 3-year multiplier | B26: 1.35
A27: 5-year multiplier | B27: 1.5
A29: Source: Arora (PANW Q2 FY2024 earnings): avg contract ~3 years; platformization deals 3–5 years. cACV = MIN(ACV × consumption_rate, ACV). expansion_signal_acv = MAX(ACV × rate − ACV, 0).

Sheet AE Model
A1: Prisma Cloud cACV Comp Model — AE Model
A3: SECTION 1 — Deal Economics by Term
A4: Term | B4: ACV ($/yr) | C4: TCV ($) | D4: Quota Credit — No Multiplier ($) | E4: Quota Credit — Our Multiplier ($) | F4: Quota Credit — Full TCV ($)
A5: 1-year | B5: =Inputs!B5 | C5: =B5*1 | D5: =B5*1 | E5: =B5*Inputs!B24 | F5: =C5
A6: 2-year | B6: =Inputs!B5 | C6: =B6*2 | D6: =B6*1 | E6: =B6*Inputs!B25 | F6: =C6
A7: 3-year | B7: =Inputs!B5 | C7: =B7*3 | D7: =B7*1 | E7: =B7*Inputs!B26 | F7: =C7
A8: 5-year | B8: =Inputs!B5 | C8: =B8*5 | D8: =B8*1 | E8: =B8*Inputs!B27 | F8: =C8
A10: SECTION 2 — Bookings Quota Attainment by Approach (% of AE Bookings Quota)
A11: Term | B11: AE Bookings Quota ($) | C11: Attainment — No Multiplier | D11: Attainment — Our Multiplier | E11: Attainment — Full TCV
A12: 1-year | B12: =Inputs!B15*Inputs!B16 | C12: =D5/B12 | D12: =E5/B12 | E12: =F5/B12
A13: 2-year | B13: =Inputs!B15*Inputs!B16 | C13: =D6/B13 | D13: =E6/B13 | E13: =F6/B13
A14: 3-year | B14: =Inputs!B15*Inputs!B16 | C14: =D7/B14 | D14: =E7/B14 | E14: =F7/B14
A15: 5-year | B15: =Inputs!B15*Inputs!B16 | C15: =D8/B15 | D15: =E8/B15 | E15: =F8/B15
A17: SECTION 3 — Annual cACV by Year (based on selected contract term)
A18: Year | B18: Consumption Rate | C18: Annual cACV ($) | D18: expansion_signal_acv ($) | E18: AE cACV Quota Contribution ($)
A19: Year 1 | B19: =IF((Inputs!B6>=1),Inputs!B7,"N/A") | C19: =IF((Inputs!B6>=1),MIN(Inputs!B5*Inputs!B7,Inputs!B5),"N/A") | D19: =IF((Inputs!B6>=1),MAX(Inputs!B5*Inputs!B7-Inputs!B5,0),"N/A") | E19: =IF((Inputs!B6>=1),MIN(Inputs!B5*Inputs!B7,Inputs!B5)*Inputs!B17,"N/A")
A20: Year 2 | B20: =IF((Inputs!B6>=2),Inputs!B8,"N/A") | C20: =IF((Inputs!B6>=2),MIN(Inputs!B5*Inputs!B8,Inputs!B5),"N/A") | D20: =IF((Inputs!B6>=2),MAX(Inputs!B5*Inputs!B8-Inputs!B5,0),"N/A") | E20: =IF((Inputs!B6>=2),MIN(Inputs!B5*Inputs!B8,Inputs!B5)*Inputs!B17,"N/A")
A21: Year 3 | B21: =IF((Inputs!B6>=3),Inputs!B9,"N/A") | C21: =IF((Inputs!B6>=3),MIN(Inputs!B5*Inputs!B9,Inputs!B5),"N/A") | D21: =IF((Inputs!B6>=3),MAX(Inputs!B5*Inputs!B9-Inputs!B5,0),"N/A") | E21: =IF((Inputs!B6>=3),MIN(Inputs!B5*Inputs!B9,Inputs!B5)*Inputs!B17,"N/A")
A22: Year 4 | B22: =IF((Inputs!B6>=4),Inputs!B10,"N/A") | C22: =IF((Inputs!B6>=4),MIN(Inputs!B5*Inputs!B10,Inputs!B5),"N/A") | D22: =IF((Inputs!B6>=4),MAX(Inputs!B5*Inputs!B10-Inputs!B5,0),"N/A") | E22: =IF((Inputs!B6>=4),MIN(Inputs!B5*Inputs!B10,Inputs!B5)*Inputs!B17,"N/A")
A23: Year 5 | B23: =IF((Inputs!B6>=5),Inputs!B11,"N/A") | C23: =IF((Inputs!B6>=5),MIN(Inputs!B5*Inputs!B11,Inputs!B5),"N/A") | D23: =IF((Inputs!B6>=5),MAX(Inputs!B5*Inputs!B11-Inputs!B5,0),"N/A") | E23: =IF((Inputs!B6>=5),MIN(Inputs!B5*Inputs!B11,Inputs!B5)*Inputs!B17,"N/A")
A25: SECTION 4 — Consumption Sensitivity (flat rate across all contract years)
A26: Flat Consumption Rate | B26: Annual cACV ($) | C26: AE cACV Quota Contribution ($) | D26: AE Bookings Attainment % (Our Mult) | E26: Total AE Attainment % (Bookings + cACV Yr1) | F26: Delta vs. 20% Baseline
A27: 0.2 | B27: =MIN(Inputs!B5*0.2,Inputs!B5) | C27: =B27*Inputs!B17 | D27: =(Inputs!B5*IFS(Inputs!B6=1,Inputs!B24,Inputs!B6=2,Inputs!B25,Inputs!B6=3,Inputs!B26,Inputs!B6=5,Inputs!B27))/(Inputs!B15*Inputs!B16) | E27: =D27+C27/(Inputs!B15*Inputs!B17) | F27: -
A28: 0.4 | B28: =MIN(Inputs!B5*0.4,Inputs!B5) | C28: =B28*Inputs!B17 | D28: =(Inputs!B5*IFS(Inputs!B6=1,Inputs!B24,Inputs!B6=2,Inputs!B25,Inputs!B6=3,Inputs!B26,Inputs!B6=5,Inputs!B27))/(Inputs!B15*Inputs!B16) | E28: =D28+C28/(Inputs!B15*Inputs!B17) | F28: =E28-E27
A29: 0.6 | B29: =MIN(Inputs!B5*0.6,Inputs!B5) | C29: =B29*Inputs!B17 | D29: =(Inputs!B5*IFS(Inputs!B6=1,Inputs!B24,Inputs!B6=2,Inputs!B25,Inputs!B6=3,Inputs!B26,Inputs!B6=5,Inputs!B27))/(Inputs!B15*Inputs!B16) | E29: =D29+C29/(Inputs!B15*Inputs!B17) | F29: =E29-E27
A30: 0.8 | B30: =MIN(Inputs!B5*0.8,Inputs!B5) | C30: =B30*Inputs!B17 | D30: =(Inputs!B5*IFS(Inputs!B6=1,Inputs!B24,Inputs!B6=2,Inputs!B25,Inputs!B6=3,Inputs!B26,Inputs!B6=5,Inputs!B27))/(Inputs!B15*Inputs!B16) | E30: =D30+C30/(Inputs!B15*Inputs!B17) | F30: =E30-E27
A31: 1 | B31: =MIN(Inputs!B5*1.0,Inputs!B5) | C31: =B31*Inputs!B17 | D31: =(Inputs!B5*IFS(Inputs!B6=1,Inputs!B24,Inputs!B6=2,Inputs!B25,Inputs!B6=3,Inputs!B26,Inputs!B6=5,Inputs!B27))/(Inputs!B15*Inputs!B16) | E31: =D31+C31/(Inputs!B15*Inputs!B17) | F31: =E31-E27
A33: SECTION 5 — Total AE Attainment Summary (using Inputs consumption rates)
A34: Metric | B34: No Multiplier | C34: Our Multiplier | D34: Full TCV
A35: Bookings Quota Credit ($) | B35: =Inputs!B5*1 | C35: =Inputs!B5*IFS(Inputs!B6=1,Inputs!B24,Inputs!B6=2,Inputs!B25,Inputs!B6=3,Inputs!B26,Inputs!B6=5,Inputs!B27) | D35: =Inputs!B5*Inputs!B6
A36: AE Bookings Quota ($) | B36: =Inputs!B15*Inputs!B16 | C36: =Inputs!B15*Inputs!B16 | D36: =Inputs!B15*Inputs!B16
A37: Bookings Attainment % | B37: =B35/B36 | C37: =C35/C36 | D37: =D35/D36
A38: Year 1 cACV ($) | B38: =MIN(Inputs!B5*Inputs!B7,Inputs!B5) | C38: =MIN(Inputs!B5*Inputs!B7,Inputs!B5) | D38: =MIN(Inputs!B5*Inputs!B7,Inputs!B5)
A39: Year 1 cACV Quota Contribution ($) | B39: =MIN(Inputs!B5*Inputs!B7,Inputs!B5)*Inputs!B17 | C39: =MIN(Inputs!B5*Inputs!B7,Inputs!B5)*Inputs!B17 | D39: =MIN(Inputs!B5*Inputs!B7,Inputs!B5)*Inputs!B17
A40: Year 1 cACV Quota ($) | B40: =Inputs!B15*Inputs!B17 | C40: =Inputs!B15*Inputs!B17 | D40: =Inputs!B15*Inputs!B17
A41: Year 1 cACV Attainment % | B41: =B39/B40 | C41: =C39/C40 | D41: =D39/D40
A42: Combined Year 1 Attainment % | B42: =B37+B41 | C42: =C37+C41 | D42: =D37+D41

Sheet AM Model
A1: Prisma Cloud cACV Comp Model — AM Model
A2: Note: AM owns cACV from Year 2 onward. Year 1 cACV credit belongs to AE (ramp period).
A4: SECTION 1 — AM cACV by Year (Years 2–5)
A5: Year | B5: Consumption Rate | C5: Annual cACV ($) | D5: expansion_signal_acv ($) | E5: AM cACV Quota Contribution ($) | F5: Cumulative cACV ($)
A6: Year 2 | B6: =IF((Inputs!B6>=2),Inputs!B8,"N/A") | C6: =IF((Inputs!B6>=2),MIN(Inputs!B5*Inputs!B8,Inputs!B5),"N/A") | D6: =IF((Inputs!B6>=2),MAX(Inputs!B5*Inputs!B8-Inputs!B5,0),"N/A") | E6: =IF((Inputs!B6>=2),MIN(Inputs!B5*Inputs!B8,Inputs!B5)*Inputs!B20,"N/A") | F6: =IF((Inputs!B6>=2),MIN(Inputs!B5*Inputs!B8,Inputs!B5),"N/A")
A7: Year 3 | B7: =IF((Inputs!B6>=3),Inputs!B9,"N/A") | C7: =IF((Inputs!B6>=3),MIN(Inputs!B5*Inputs!B9,Inputs!B5),"N/A") | D7: =IF((Inputs!B6>=3),MAX(Inputs!B5*Inputs!B9-Inputs!B5,0),"N/A") | E7: =IF((Inputs!B6>=3),MIN(Inputs!B5*Inputs!B9,Inputs!B5)*Inputs!B20,"N/A") | F7: =IF((Inputs!B6>=3),IF(ISNUMBER(F6),F6,0)+MIN(Inputs!B5*Inputs!B9,Inputs!B5),"N/A")
A8: Year 4 | B8: =IF((Inputs!B6>=4),Inputs!B10,"N/A") | C8: =IF((Inputs!B6>=4),MIN(Inputs!B5*Inputs!B10,Inputs!B5),"N/A") | D8: =IF((Inputs!B6>=4),MAX(Inputs!B5*Inputs!B10-Inputs!B5,0),"N/A") | E8: =IF((Inputs!B6>=4),MIN(Inputs!B5*Inputs!B10,Inputs!B5)*Inputs!B20,"N/A") | F8: =IF((Inputs!B6>=4),IF(ISNUMBER(F7),F7,0)+MIN(Inputs!B5*Inputs!B10,Inputs!B5),"N/A")
A9: Year 5 | B9: =IF((Inputs!B6>=5),Inputs!B11,"N/A") | C9: =IF((Inputs!B6>=5),MIN(Inputs!B5*Inputs!B11,Inputs!B5),"N/A") | D9: =IF((Inputs!B6>=5),MAX(Inputs!B5*Inputs!B11-Inputs!B5,0),"N/A") | E9: =IF((Inputs!B6>=5),MIN(Inputs!B5*Inputs!B11,Inputs!B5)*Inputs!B20,"N/A") | F9: =IF((Inputs!B6>=5),IF(ISNUMBER(F8),F8,0)+MIN(Inputs!B5*Inputs!B11,Inputs!B5),"N/A")
A12: SECTION 2 — AM Bookings: Renewal at End of Contract
A13: Metric | B13: Value
A14: Renewal ACV ($) | B14: =Inputs!B5
A15: Renewal term (years) | B15: 1
A16: Renewal multiplier | B16: =Inputs!B24
A17: AM bookings quota contribution ($) | B17: =B14*B15*Inputs!B19
A18: AM total bookings quota ($) | B18: =Inputs!B18*Inputs!B19
A19: AM bookings attainment % | B19: =B17/B18
A22: SECTION 3 — AM Annual Attainment Summary
A23: Year | B23: Annual cACV Quota Contribution ($) | C23: AM cACV Quota ($) | D23: cACV Attainment % (This Year) | E23: Cumulative cACV Attainment % | F23: Bookings Attainment (renewal year only) % | G23: Combined Attainment %
A24: Year 2 | B24: =IF((Inputs!B6>=2),E6,"N/A") | C24: =IF((Inputs!B6>=2),Inputs!B18*Inputs!B20,"N/A") | D24: =IF((Inputs!B6>=2),B24/C24,"N/A") | E24: =IF((Inputs!B6>=2),(IF(ISNUMBER(F6),F6,0)*Inputs!B20)/(Inputs!B18*Inputs!B20),"N/A") | F24: =IF(Inputs!B6=2,B17/(Inputs!B18*Inputs!B19),"N/A") | G24: =IF((Inputs!B6>=2),D24+IF(ISNUMBER(F24),F24,0),"N/A")
A25: Year 3 | B25: =IF((Inputs!B6>=3),E7,"N/A") | C25: =IF((Inputs!B6>=3),Inputs!B18*Inputs!B20,"N/A") | D25: =IF((Inputs!B6>=3),B25/C25,"N/A") | E25: =IF((Inputs!B6>=3),(IF(ISNUMBER(F7),F7,0)*Inputs!B20)/(Inputs!B18*Inputs!B20),"N/A") | F25: =IF(Inputs!B6=3,B17/(Inputs!B18*Inputs!B19),"N/A") | G25: =IF((Inputs!B6>=3),D25+IF(ISNUMBER(F25),F25,0),"N/A")
A26: Year 4 | B26: =IF((Inputs!B6>=4),E8,"N/A") | C26: =IF((Inputs!B6>=4),Inputs!B18*Inputs!B20,"N/A") | D26: =IF((Inputs!B6>=4),B26/C26,"N/A") | E26: =IF((Inputs!B6>=4),(IF(ISNUMBER(F8),F8,0)*Inputs!B20)/(Inputs!B18*Inputs!B20),"N/A") | F26: =IF(Inputs!B6=4,B17/(Inputs!B18*Inputs!B19),"N/A") | G26: =IF((Inputs!B6>=4),D26+IF(ISNUMBER(F26),F26,0),"N/A")
A27: Year 5 | B27: =IF((Inputs!B6>=5),E9,"N/A") | C27: =IF((Inputs!B6>=5),Inputs!B18*Inputs!B20,"N/A") | D27: =IF((Inputs!B6>=5),B27/C27,"N/A") | E27: =IF((Inputs!B6>=5),(IF(ISNUMBER(F9),F9,0)*Inputs!B20)/(Inputs!B18*Inputs!B20),"N/A") | F27: =IF(Inputs!B6=5,B17/(Inputs!B18*Inputs!B19),"N/A") | G27: =IF((Inputs!B6>=5),D27+IF(ISNUMBER(F27),F27,0),"N/A")
